{
  "time_series": {
    "mean": [
      141.97385441236716,
      0.033586010573403824,
      0.03254819032126881,
      0.11808580723884188,
      0.0225782838552257,
      0.0,
      0.002000813338755592,
      0.0005856039040260269,
      0.011760878405856039,
      0.004001626677511184,
      0.009686864579097194,
      0.0015453436356242375,
      0.004196827978853192,
      0.0018625457503050021,
      0.008003253355022368,
      9.760065067100448e-05,
      0.0031801545343635622,
      0.004310695404636031,
      0.011825945506303375,
      0.00040666937779585197,
      0.01057340382269215,
      0.006588043920292802,
      0.004392029280195202,
      0.0010858072387149248,
      0.096794631964213,
      0.0005286701911346076,
      0.0004733631557543692,
      0.06478243188287922,
      0.0007320048800325336,
      2.1305164701098387,
      0.0004310695404635897,
      0.43147620984139895,
      0.0,
      0.0,
      0.0,
      0.0,
      0.0,
      0.0,
      0.0,
      0.0,
      0.0,
      0.0,
      0.0,
      0.0,
      0.0,
      0.0,
      0.002008946726311509,
      0.0,
      0.06919072793818626,
      0.0020536803578690525,
      0.026490443269621796
    ],
    "std": [
      53.830809229710546,
      0.18016101261857745,
      0.46409469392632047,
      0.23788110827543496,
      0.6093304793461699,
      1.0,
      0.10954851335559054,
      0.08382663011498188,
      0.36232714204564126,
      0.22153355111797432,
      0.36053215090772756,
      0.0878881680959243,
      0.18778983426048954,
      0.12666374608639178,
      0.31407441683727516,
      0.0180367950686214,
      0.13865550182815484,
      0.1873970441300522,
      0.3071442281102031,
      0.10082940575549908,
      1.02821621530354,
      0.2517876498449364,
      0.25663427145089895,
      0.04870048092363452,
      3.089880565525677,
      0.03136654909515296,
      0.024012408725089706,
      2.0560645532256077,
      0.10478328764084956,
      37.00670653808121,
      0.009686905553373634,
      5.254491436103412,
      1.0,
      1.0,
      1.0,
      1.0,
      1.0,
      1.0,
      1.0,
      1.0,
      1.0,
      1.0,
      1.0,
      1.0,
      1.0,
      1.0,
      0.14498541638978,
      1.0,
      5.791862582892606,
      0.14060611968420003,
      3.56482147950574
    ]
  },
  "static": {
    "mean": [
      1.525091500610004,
      60.24017893452623,
      1.6532850752343777,
      64.31245221633952,
      23.46200500455015,
      3.2907360715739364,
      0.07808052053680357,
      0.8733631557543717,
      8.77684590015908,
      0.03676291175274502,
      0.294509963399756,
      0.20488003253355022,
      0.6004066693777959,
      161.41749731052232,
      257.031443451974,
      0.433047254984717,
      0.876969157347994,
      102.36194625441375,
      304.3191402554499,
      72.66576524567944,
      23.977361428212202,
      4.829353096529006,
      1.6442879487321682,
      1.2046381044748096,
      3.0848623446505483,
      63.67858363043107,
      116.26322187398642,
      322.862857348375,
      5.9593490539126455,
      0.18340788938592925
    ],
    "std": [
      0.4993700197221146,
      13.413472652734079,
      0.0945229093034436,
      11.42113472057149,
      3.333540119423929,
      11.543126887981465,
      0.2682982535345471,
      0.3325657136940484,
      8.41731983211121,
      0.18817917013396254,
      0.4558221636313569,
      0.40361393038736026,
      0.48981476166414767,
      62.321098390300776,
      81.95832271883306,
      0.27687619537529207,
      0.5676735454281867,
      133.72097510256626,
      165.77325810429778,
      26.07527085842266,
      8.73375163798144,
      0.9104809120799354,
      0.912788867919931,
      0.3626243766816553,
      0.8440024134820789,
      17.82447498573525,
      35.44010577770395,
      87.94616297032682,
      1.6495698810237311,
      0.38700056265750393
    ]
  },
  "target": {
    "mean": [
      141.92510288735244,
      141.88258804392024,
      141.84532899552661,
      141.8130768605125
    ],
    "std": [
      53.800827816952456,
      53.76740956707017,
      53.732686684365376,
      53.69803228962574
    ]
  }
}